model,f1,auc,precision,recall
LSTM-AE,0.07955596669750231,0.5121824375823778,0.9772727272727273,0.041465766634522665
GNN,0.10535876475930972,0.5289590816640208,0.90625,0.055930568948891035
Physics-EKF,0.034074775201135825,0.5201601866317433,0.9230769230769231,0.017357762777242044
Hybrid-IDS,0.08133086876155268,0.5144942793496523,0.9777777777777777,0.04243008678881389
