fold,f1
1,0.7211784052342465
2,0.5600857517170194
3,0.6158044430778692
4,0.8482932592521634
5,0.7671832768825482
